Country Name,Country Code,Continent,Indicator Name,Indicator Code,1960,1961,1962,1963,1964,1965,1966,1967,1968,1969,1970,1971,1972,1973,1974,1975,1976,1977,1978,1979,1980,1981,1982,1983,1984,1985,1986,1987,1988,1989,1990,1991,1992,1993,1994,1995,1996,1997,1998,1999,2000,2001,2002,2003,2004,2005,2006,2007,2008,2009,2010,2011,2012,2013,2014,2015,2016,2017,2018,2019,2020
Aruba,ABW,North America,"International tourism, expenditures (current US$)",ST.INT.XPND.CD,,,,,,,,,,,,,,,,,,,,,,,,,,,,,,,,,,,,79000000,128000000,161000000,140000000,151000000,163000000,156000000,172000000,213000000,248000000,250000000,241000000,270000000,272000000,264000000,261000000,287000000,294000000,342000000,350000000,357000000,319000000,349000000,384000000,402000000,
Afghanistan,AFG,Asia,"International tourism, expenditures (current US$)",ST.INT.XPND.CD,,,,,,,,,,,,,,,,,,,,,,,,,,,,,,,,,,,,,,,,,,,,,,,,,28000000,70000000,106000000,255000000,110000000,138000000,140000000,151000000,89000000,130000000,226000000,168000000,
Angola,AGO,Africa,"International tourism, expenditures (current US$)",ST.INT.XPND.CD,,,,,,,,,,,,,,,,,,,,,,,,,,,,,,,,,,,,113000000,110000000,125000000,96000000,142000000,146000000,80000000,52000000,49000000,86000000,135000000,393000000,473000000,447000000,270000000,275000000,323000000,288000000,316000000,505000000,389000000,823000000,1216000000,762000000,717000000,
Albania,ALB,Europe,"International tourism, expenditures (current US$)",ST.INT.XPND.CD,,,,,,,,,,,,,,,,,,,,,,,,,,,,,,,,,,,,19000000,25000000,13000000,22000000,35000000,290000000,269000000,386000000,507000000,669000000,808000000,989000000,1331000000,1644000000,1692000000,1452000000,1677000000,1374000000,1567000000,1689000000,1311000000,1338000000,1473000000,1750000000,1852000000,
Andorra,AND,Europe,"International tourism, expenditures (current US$)",ST.INT.XPND.CD,,,,,,,,,,,,,,,,,,,,,,,,,,,,,,,,,,,,,,,,,,,,,,,,,,,,,,,,,,,,,
United Arab Emirates,ARE,Asia,"International tourism, expenditures (current US$)",ST.INT.XPND.CD,,,,,,,,,,,,,,,,,,,,,,,,,,,,,,,,,,,,,,,,,3019000000,3321000000,3651000000,3956000000,4472000000,6186000000,8827000000,11273000000,13288000000,10347000000,11818000000,13206000000,15072000000,16188000000,15848000000,16637099609,17127259766,17644699219,18004099609,33372000000,
Argentina,ARG,South America,"International tourism, expenditures (current US$)",ST.INT.XPND.CD,,,,,,,,,,,,,,,,,,,,,,,,,,,,,,,,,,,,4013000000,4449000000,4973000000,5282000000,5228000000,5460000000,4888000000,2744000000,2997000000,3208000000,3554000000,4047000000,5077000000,5987000000,5808000000,6448000000,7602000000,8466000000,8421000000,7837000000,9348000000,12273000000,14180000000,13084000000,9826000000,
Armenia,ARM,Asia,"International tourism, expenditures (current US$)",ST.INT.XPND.CD,,,,,,,,,,,,,,,,,,,,,,,,,,,,,,,,,,,,12000000,26000000,45000000,55000000,51000000,56000000,59000000,85000000,97000000,199000000,255000000,300000000,430000000,494000000,496000000,641000000,756000000,874000000,1007000000,1101000000,1057000000,1033000000,1218000000,1335000000,1543000000,
American Samoa,ASM,Oceania,"International tourism, expenditures (current US$)",ST.INT.XPND.CD,,,,,,,,,,,,,,,,,,,,,,,,,,,,,,,,,,,,,,,,,,,,,,,,,,,,,,,,,,,,,
Antigua and Barbuda,ATG,North America,"International tourism, expenditures (current US$)",ST.INT.XPND.CD,,,,,,,,,,,,,,,,,,,,,,,,,,,,,,,,,,,,,,,,,,,,,,,,,,,,,,,89000000,95000000,101000000,106000000,113000000,,
Australia,AUS,Oceania,"International tourism, expenditures (current US$)",ST.INT.XPND.CD,,,,,,,,,,,,,,,,,,,,,,,,,,,,,,,,,,,,7605000000,8545000000,8880000000,8307000000,8798000000,9065000000,8184000000,8640000000,10434000000,14702000000,16153000000,17293000000,22052000000,25557000000,22680000000,27851000000,33967000000,35226000000,35197000000,35666000000,34071000000,35718000000,39710000000,42439000000,41430000000,
Austria,AUT,Europe,"International tourism, expenditures (current US$)",ST.INT.XPND.CD,,,,,,,,,,,,,,,,,,,,,,,,,,,,,,,,,,,,11686000000,11777000000,10672000000,10399000000,7517000000,7001000000,7408000000,7743000000,9761000000,10812000000,11077000000,,,,,,,,,,11337000000,11634000000,12878000000,14256000000,13841000000,
Azerbaijan,AZE,Asia,"International tourism, expenditures (current US$)",ST.INT.XPND.CD,,,,,,,,,,,,,,,,,,,,,,,,,,,,,,,,,,,,165000000,115000000,193000000,181000000,149000000,138000000,119000000,110000000,120000000,140000000,188000000,256000000,381000000,456000000,488000000,856000000,1778000000,2617000000,3032000000,3163000000,2743000000,2593000000,2803000000,2453000000,1839000000,
Burundi,BDI,Africa,"International tourism, expenditures (current US$)",ST.INT.XPND.CD,,,,,,,,,,,,,,,,,,,,,,,,,,,,,,,,,,,,,,,,,,,,,29000000,62000000,126000000,106000000,151000000,71000000,35000000,49000000,,,,,,,,,
Belgium,BEL,Europe,"International tourism, expenditures (current US$)",ST.INT.XPND.CD,,,,,,,,,,,,,,,,,,,,,,,,,,,,,,,,,,,,,,,,,,10878000000,11270000000,13402000000,15456000000,16771000000,17891000000,19211000000,,20813000000,20884000000,22836000000,22357000000,24507000000,26444000000,15856000000,16522000000,17835000000,20800000000,20964000000,
Benin,BEN,Africa,"International tourism, expenditures (current US$)",ST.INT.XPND.CD,,,,,,,,,,,,,,,,,,,,,,,,,,,,,,,,,,,,48000000,51000000,34000000,32000000,63000000,50000000,48000000,49000000,53000000,59000000,58000000,71000000,107000000,102000000,88000000,91000000,81000000,96000000,39500000,54200000.76,141000000,87000000,148000000,76000000,,
Burkina Faso,BFA,Africa,"International tourism, expenditures (current US$)",ST.INT.XPND.CD,,,,,,,,,,,,,,,,,,,,,,,,,,,,,,,,,,,,,,,,,30000000,35000000,36000000,50000000,67000000,74000000,84000000,93000000,110000000,111000000,110000000,129000000,146000000,215000000,176000000,160000000,176000000,182000000,191000000,,
Bangladesh,BGD,Asia,"International tourism, expenditures (current US$)",ST.INT.XPND.CD,,,,,,,,,,,,,,,,,,,,,,,,,,,,,,,,,,,,,251000000,314000000,294000000,375000000,471000000,341000000,309000000,389000000,442000000,371000000,481000000,530000000,735000000,651000000,835000000,819000000,889000000,1308000000,782000000,827000000,843000000,1127000000,1207000000,1388000000,
Bulgaria,BGR,Europe,"International tourism, expenditures (current US$)",ST.INT.XPND.CD,,,,,,,,,,,,,,,,,,,,,,,,,,,,,,,,,,,,312000000,314000000,355000000,654000000,747000000,764000000,836000000,1018000000,1467000000,1935000000,1858000000,2099000000,2142000000,2602000000,1955000000,975000000,1063000000,1096000000,1342000000,1459000000,1346000000,1636000000,2047000000,2247000000,2196000000,
Bahrain,BHR,Asia,"International tourism, expenditures (current US$)",ST.INT.XPND.CD,,,,,,,,,,,,,,,,,,,,,,,,,,,,,,,,,,,,320000000,298000000,318000000,327000000,395000000,425000000,423000000,550000000,492000000,528000000,574000000,639000000,671000000,704000000,597000000,684000000,899000000,975000000,1001000000,758000000,4939000000,3267000000,3178000000,2522000000,2637000000,
"Bahamas, The",BHS,North America,"International tourism, expenditures (current US$)",ST.INT.XPND.CD,,,,,,,,,,,,,,,,,,,,,,,,,,,,,,,,,,,,241000000,279000000,310000000,310000000,310000000,348000000,342000000,338000000,404000000,469000000,528000000,541000000,538000000,460000000,386000000,369000000,347000000,384000000,362000000,328000000,347000000,440000000,554000000,536000000,514000000,
Bosnia and Herzegovina,BIH,Europe,"International tourism, expenditures (current US$)",ST.INT.XPND.CD,,,,,,,,,,,,,,,,,,,,,,,,,,,,,,,,,,,,,,,97000000,101000000,92000000,96000000,112000000,145000000,162000000,158000000,210000000,264000000,345000000,285000000,247000000,214000000,196000000,198000000,205000000,278000000,290000000,346000000,372000000,385000000,
Belarus,BLR,Europe,"International tourism, expenditures (current US$)",ST.INT.XPND.CD,,,,,,,,,,,,,,,,,,,,,,,,,,,,,,,,,,,,101000000,142000000,122000000,138000000,133000000,247000000,486000000,527000000,436000000,500000000,516000000,675000000,724000000,860000000,752000000,748000000,729000000,948000000,1333000000,1308000000,997000000,891000000,1082000000,1170000000,1224000000,
Belize,BLZ,North America,"International tourism, expenditures (current US$)",ST.INT.XPND.CD,,,,,,,,,,,,,,,,,,,,,,,,,,,,,,,,,,,,33000000,38000000,30000000,33000000,39000000,44000000,45000000,48000000,50000000,47000000,45000000,43000000,46000000,44000000,43000000,39000000,37000000,39000000,42000000,51000000,50000000,55000000,53000000,50000000,46000000,
Bermuda,BMU,North America,"International tourism, expenditures (current US$)",ST.INT.XPND.CD,,,,,,,,,,,,,,,,,,,,,,,,,,,,,,,,,,,,,,,,,,,,,,,394000000,453000000,459000000,407000000,417000000,326000000,327000000,322000000,378000000,363000000,373000000,369000000,334000000,341000000,
Bolivia,BOL,South America,"International tourism, expenditures (current US$)",ST.INT.XPND.CD,,,,,,,,,,,,,,,,,,,,,,,,,,,,,,,,,,,,72000000,87000000,96000000,98000000,117000000,116000000,114000000,114000000,197000000,232000000,257000000,360000000,385000000,381000000,388000000,421000000,410000000,502000000,660000000,953000000,849000000,960000000,997000000,1009000000,1065000000,
Brazil,BRA,South America,"International tourism, expenditures (current US$)",ST.INT.XPND.CD,,,,,,,,,,,,,,,,,,,,,,,,,,,,,,,,,,,,3982000000,4988000000,6208000000,6019000000,3551000000,4548000000,3765000000,2929000000,2874000000,3752000000,5905000000,7501000000,10434000000,13269000000,12897000000,18883000000,24608000000,26008000000,29286000000,29998000000,20356000000,17068000000,22991000000,22229000000,21178000000,
Barbados,BRB,North America,"International tourism, expenditures (current US$)",ST.INT.XPND.CD,,,,,,,,,,,,,,,,,,,,,,,,,,,,,,,,,,,,110000000,114000000,120000000,126000000,132000000,141000000,149000000,146000000,153000000,163000000,158000000,166000000,177000000,154000000,128000000,145000000,114000000,100000000,102000000,115000000,119000000,99000000,,,,
Brunei Darussalam,BRN,Asia,"International tourism, expenditures (current US$)",ST.INT.XPND.CD,,,,,,,,,,,,,,,,,,,,,,,,,,,,,,,,,,,,,,,,,,456000000,398000000,469000000,382000000,374000000,408000000,430000000,459000000,477000000,,,591000000,624000000,616000000,459000000,499000000,504000000,585000000,,
Bhutan,BTN,Asia,"International tourism, expenditures (current US$)",ST.INT.XPND.CD,,,,,,,,,,,,,,,,,,,,,,,,,,,,,,,,,,,,,,,,,,,,,,,,,65000000,34000000,43000000,58000000,69000000,67000000,42599998.47,44000000,52000000,63000000,79000000,67000000,
Botswana,BWA,Africa,"International tourism, expenditures (current US$)",ST.INT.XPND.CD,,,,,,,,,,,,,,,,,,,,,,,,,,,,,,,,,,,,153000000,92000000,104000000,138000000,155000000,209000000,215000000,197000000,235000000,280000000,283000000,280000000,282299987.8,229699996.9,232399993.9,298500000,316480011,332000000,262200012.2,277000000,256399993.9,237100006.1,225300003.1,230300003.1,231300003.1,
Central African Republic,CAF,Africa,"International tourism, expenditures (current US$)",ST.INT.XPND.CD,,,,,,,,,,,,,,,,,,,,,,,,,,,,,,,,,,,,43000000,44000000,51000000,44000000,33000000,33000000,29000000,29000000,31000000,32000000,46000000,47000000,54000000,56000000,61000000,67000000,68000000,69000000,69800003.05,,,,,,,
Canada,CAN,North America,"International tourism, expenditures (current US$)",ST.INT.XPND.CD,,,,,,,,,,,,,,,,,,,,,,,,,,,,,,,,,,,,12658000000,13815000000,14151000000,13384000000,13999000000,15125000000,14634000000,14257000000,16309000000,19267000000,22746000000,26068000000,31101000000,33843000000,30225000000,37225000000,41247000000,,,,,,,,,
Switzerland,CHE,Europe,"International tourism, expenditures (current US$)",ST.INT.XPND.CD,,,,,,,,,,,,,,,,,,,,,,,,,,,,,,,,,,,,9478000000,9798000000,8944000000,8754000000,7646000000,7837000000,7540000000,7633000000,9148000000,10518000000,11218000000,11822000000,12984000000,14083000000,13799000000,14332000000,17538000000,18884000000,19963000000,20853000000,19675000000,19941000000,21501000000,21441000000,21097000000,
Channel Islands,CHI,Europe,"International tourism, expenditures (current US$)",ST.INT.XPND.CD,,,,,,,,,,,,,,,,,,,,,,,,,,,,,,,,,,,,,,,,,,,,,,,,,,,,,,,,,,,,,
Chile,CHL,South America,"International tourism, expenditures (current US$)",ST.INT.XPND.CD,,,,,,,,,,,,,,,,,,,,,,,,,,,,,,,,,,,,934000000,977000000,1132000000,1174000000,1032000000,904000000,939000000,932000000,1109000000,1251000000,1114000000,1238000000,1408000000,1386000000,1511000000,1736000000,2085000000,2400000000,2499000000,2707000000,2518000000,2733000000,3093000000,3124000000,3123000000,
China,CHN,Asia,"International tourism, expenditures (current US$)",ST.INT.XPND.CD,,,,,,,,,,,,,,,,,,,,,,,,,,,,,,,,,,,,,,9220000000,9943000000,11621000000,14169000000,14992000000,16759000000,16716000000,21360000000,,,,,,,,,,,,,,,,
Cote d'Ivoire,CIV,Africa,"International tourism, expenditures (current US$)",ST.INT.XPND.CD,,,,,,,,,,,,,,,,,,,,,,,,,,,,,,,,,,,,312000000,347000000,317000000,331000000,337000000,291000000,289000000,490000000,551000000,571000000,549000000,583000000,606000000,612000000,589000000,569000000,580000000,560000000,583000000,625000000,560000000,491000000,564000000,625000000,,
Cameroon,CMR,Africa,"International tourism, expenditures (current US$)",ST.INT.XPND.CD,,,,,,,,,,,,,,,,,,,,,,,,,,,,,,,,,,,,140000000,155000000,175000000,210000000,192000000,241000000,199000000,205000000,272000000,394000000,480000000,521000000,466000000,563000000,476000000,265000000,622000000,668000000,795000000,830000000,742000000,818000000,845000000,915000000,984000000,
"Congo, (Kinshasa)",COD,Africa,"International tourism, expenditures (current US$)",ST.INT.XPND.CD,,,,,,,,,,,,,,,,,,,,,,,,,,,,,,,,,,,,,,,,,,,,,,54000000,93000000,109000000,127000000,121000000,150000000,298000000,108000000,170000000,283000000,127000000,60000000,68000000,115000000,,
"Congo, (Brazzaville)",COG,Africa,"International tourism, expenditures (current US$)",ST.INT.XPND.CD,,,,,,,,,,,,,,,,,,,,,,,,,,,,,,,,,,,,69000000,86000000,68000000,69000000,71000000,59000000,82000000,85000000,118000000,176000000,,,157000000,217000000,549000000,312000000,327000000,308000000,360000000,435000000,557000000,457000000,,,,
Colombia,COL,South America,"International tourism, expenditures (current US$)",ST.INT.XPND.CD,,,,,,,,,,,,,,,,,,,,,,,,,,,,,,,,,,,,1162000000,1431000000,1560000000,1455000000,1339000000,1452000000,1556000000,1355000000,1349000000,1543000000,1934000000,2157000000,2460000000,2775000000,2801000000,3188000000,3631000000,4363000000,4485000000,5175000000,4820000000,4825000000,5135000000,5623000000,5770000000,
Comoros,COM,Africa,"International tourism, expenditures (current US$)",ST.INT.XPND.CD,,,,,,,,,,,,,,,,,,,,,,,,,,,,,,,,,,,,15000000,,,,,,,,7900000.095,9399999.619,19100000.38,23600000.38,28299999.24,31100000.38,30000000,33200000.76,37400001.53,36299999.24,,40000000,34000000,38000000,42000000,48000000,51500000,
Cabo Verde,CPV,Africa,"International tourism, expenditures (current US$)",ST.INT.XPND.CD,,,,,,,,,,,,,,,,,,,,,,,,,,,,,,,,,,,,20000000,24000000,25000000,32000000,47000000,41000000,55000000,63000000,89000000,93000000,82000000,106000000,123000000,143000000,145000000,138000000,142000000,135000000,127000000,115000000,109000000,79000000,100000000,111000000,112000000,
Costa Rica,CRI,South America,"International tourism, expenditures (current US$)",ST.INT.XPND.CD,,,,,,,,,,,,,,,,,,,,,,,,,,,,,,,,,,,,336000000,357000000,401000000,466000000,509000000,545000000,430000000,427000000,484000000,530000000,591000000,647000000,825000000,753000000,500000000,629000000,620000000,647000000,649000000,657000000,898000000,1055000000,1322000000,1282000000,1393000000,
Cuba,CUB,North America,"International tourism, expenditures (current US$)",ST.INT.XPND.CD,,,,,,,,,,,,,,,,,,,,,,,,,,,,,,,,,,,,,,,,,,,,,,,,,,,,,,,,,,,,,
Curacao,CUW,South America,"International tourism, expenditures (current US$)",ST.INT.XPND.CD,,,,,,,,,,,,,,,,,,,,,,,,,,,,,,,,,,,,,,,,,,,137000000,176000000,195000000,164000000,191000000,223000000,229000000,258000000,282000000,321000000,357000000,377000000,383000000,419000000,428000000,447000000,509000000,411000000,
Cayman Islands,CYM,North America,"International tourism, expenditures (current US$)",ST.INT.XPND.CD,,,,,,,,,,,,,,,,,,,,,,,,,,,,,,,,,,,,,,,,,,,,,,,164000000,132000000,130000000,120000000,129000000,145000000,183000000,192000000,168000000,191000000,174000000,,,,
Cyprus,CYP,Europe,"International tourism, expenditures (current US$)",ST.INT.XPND.CD,,,,,,,,,,,,,,,,,,,,,,,,,,,,,,,,,,,,473482147.2,500428497.3,511000000,536000000,560000000,543000000,568000000,582000000,700293945.3,906639831.5,1001000000,1031161133,1553829346,1968000000,1742000000,1320000000,1366000000,1318000000,1254000000,1343000000,1453000000,1559318481,1378000000,1569000000,1596000000,
Czech Republic,CZE,Europe,"International tourism, expenditures (current US$)",ST.INT.XPND.CD,,,,,,,,,,,,,,,,,,,,,,,,,,,,,,,,,,,,,,,,,,,1797000000,2177000000,2682000000,2603000000,2874000000,3895000000,5029000000,4336000000,4354000000,4876000000,4556000000,4698000000,5173000000,4819000000,4963000000,5533000000,6074000000,6036000000,
Germany,DEU,Europe,"International tourism, expenditures (current US$)",ST.INT.XPND.CD,,,,,,,,,,,,,,,,,,,,,,,,,,,,,,,,,,,,66527000000,64725000000,59000000000,60253000000,61215000000,57607000000,56437000000,59550000000,72839000000,80321000000,84513000000,85717000000,96170000000,105691000000,92899000000,90866000000,99909000000,96196000000,102668000000,101737000000,85334000000,87412000000,97163000000,103502000000,99865000000,
Djibouti,DJI,Africa,"International tourism, expenditures (current US$)",ST.INT.XPND.CD,,,,,,,,,,,,,,,,,,,,,,,,,,,,,,,,,,,,16299999.24,17299999.24,17100000.38,15899999.62,11600000.38,14800000.19,12899999.62,7699999.809,9899999.619,14000000,14399999.62,15000000,14199999.81,15500000,17500000,20500000,33500000,29600000.38,,,,,,,,
Dominica,DMA,North America,"International tourism, expenditures (current US$)",ST.INT.XPND.CD,,,,,,,,,,,,,,,,,,,,,,,,,,,,,,,,,,,,,,,,,,,,,,,,,,,,,,,39000000,34000000,33000000,30000000,30000000,,
Denmark,DNK,Europe,"International tourism, expenditures (current US$)",ST.INT.XPND.CD,,,,,,,,,,,,,,,,,,,,,,,,,,,,,,,,,,,,4288000000,4140000000,4194000000,4577000000,4899000000,4669000000,4861000000,5838000000,6659000000,7279000000,6850000000,7486000000,8830000000,9698000000,8968000000,9082000000,9840000000,9600000000,10072000000,10443000000,8918000000,9174000000,9804000000,10485000000,,
Dominican Republic,DOM,North America,"International tourism, expenditures (current US$)",ST.INT.XPND.CD,,,,,,,,,,,,,,,,,,,,,,,,,,,,,,,,,,,,267000000,313000000,339000000,380000000,391000000,440000000,425000000,429000000,408000000,448000000,511000000,495000000,531000000,532000000,523000000,662000000,689000000,690000000,679000000,717000000,803000000,882000000,940000000,957000000,1083000000,
Algeria,DZA,Africa,"International tourism, expenditures (current US$)",ST.INT.XPND.CD,,,,,,,,,,,,,,,,,,,,,,,,,,,,,,,,,,,,,,,,,,,,,,660000000,414000000,502000000,613000000,574000000,716000000,595000000,598000000,531000000,679000000,762000000,556000000,632000000,540000000,668000000,
Ecuador,ECU,South America,"International tourism, expenditures (current US$)",ST.INT.XPND.CD,,,,,,,,,,,,,,,,,,,,,,,,,,,,,,,,,,,,331000000,313000000,331000000,325000000,385000000,416000000,465000000,507000000,500000000,577000000,644000000,706000000,733000000,790000000,806000000,863000000,917000000,944000000,989000000,990000000,994000000,1454000000,1463000000,1523000000,1650000000,
Egypt,EGY,Africa,"International tourism, expenditures (current US$)",ST.INT.XPND.CD,,,,,,,,,,,,,,,,,,,,,,,,,,,,,,,,,,,,1371000000,1382000000,1431000000,1271000000,1218000000,1206000000,1248000000,1309000000,1465000000,1543000000,1932000000,2156000000,2886000000,3390000000,2941000000,2696000000,2575000000,3037000000,3261000000,3486000000,3636000000,4351000000,2419000000,2897000000,3718000000,
Eritrea,ERI,Africa,"International tourism, expenditures (current US$)",ST.INT.XPND.CD,,,,,,,,,,,,,,,,,,,,,,,,,,,,,,,,,,,,,,,,,,,,,,,,,,,,,,,,,,,,,
Spain,ESP,Europe,"International tourism, expenditures (current US$)",ST.INT.XPND.CD,,,,,,,,,,,,,,,,,,,,,,,,,,,,,,,,,,,,5826000000,6332000000,6163000000,7119000000,,,,,,,,,,,,,,,,,,,,,,
Estonia,EST,Europe,"International tourism, expenditures (current US$)",ST.INT.XPND.CD,,,,,,,,,,,,,,,,,,,,,,,,,,,,,,,,,,,,121000000,141000000,162000000,197000000,255000000,253000000,253000000,305000000,404000000,486000000,530000000,706000000,804000000,939000000,,,,,1236000000,1346000000,1169000000,1299000000,1398000000,1652000000,1818000000,
Ethiopia,ETH,Africa,"International tourism, expenditures (current US$)",ST.INT.XPND.CD,,,,,,,,,,,,,,,,,,,,,,,,,,,,,,,,,,,,30000000,30000000,48000000,51000000,57000000,80000000,50000000,55000000,63000000,59000000,,,,,139000000,,,,,,,,363500000,612700012.2,,
Finland,FIN,Europe,"International tourism, expenditures (current US$)",ST.INT.XPND.CD,,,,,,,,,,,,,,,,,,,,,,,,,,,,,,,,,,,,2853000000,2760000000,2541000000,2565000000,2525000000,2293000000,2442000000,2440000000,2956000000,3385000000,3620000000,4099000000,4812000000,5577000000,5236000000,5268000000,6013000000,5841000000,6387000000,6326000000,5786000000,6199000000,6740000000,7244000000,6861000000,
Fiji,FJI,Oceania,"International tourism, expenditures (current US$)",ST.INT.XPND.CD,,,,,,,,,,,,,,,,,,,,,,,,,,,,,,,,,,,,82000000,88000000,87000000,67000000,82000000,96000000,84000000,79000000,88000000,118000000,132000000,113000000,106000000,108000000,108000000,102000000,116000000,110000000,105000000,99000000,115000000,119000000,138000000,160000000,174000000,
France,FRA,Europe,"International tourism, expenditures (current US$)",ST.INT.XPND.CD,,,,,,,,,,,,,,,,,,,,,,,,,,,,,,,,,,,,20699000000,22049000000,,,31630000000,29016000000,28781000000,30270000000,35807000000,36362000000,38633000000,39319000000,46042000000,50373000000,45087000000,46695000000,55509000000,50068000000,52444000000,58464000000,47713000000,49029000000,53787000000,58458000000,60726000000,
Faroe Islands,FRO,Europe,"International tourism, expenditures (current US$)",ST.INT.XPND.CD,,,,,,,,,,,,,,,,,,,,,,,,,,,,,,,,,,,,,,,,,,,,,,,,,,,,,,,,,,,,,
Micronesia,FSM,Oceania,"International tourism, expenditures (current US$)",ST.INT.XPND.CD,,,,,,,,,,,,,,,,,,,,,,,,,,,,,,,,,,,,,,4599999.905,4800000.191,4900000.095,5300000.191,5400000.095,5300000.191,5500000,6699999.809,6900000.095,7000000,7000000,7099999.905,26000000,28000000,27000000,30000000,29000000,29000000,,,,,,
Gabon,GAB,Africa,"International tourism, expenditures (current US$)",ST.INT.XPND.CD,,,,,,,,,,,,,,,,,,,,,,,,,,,,,,,,,,,,182000000,168000000,156000000,158000000,195000000,183000000,256000000,234000000,239000000,275000000,346000000,,328000000,490000000,476000000,560000000,658000000,441000000,404000000,509000000,346000000,,,,,
United Kingdom,GBR,Europe,"International tourism, expenditures (current US$)",ST.INT.XPND.CD,,,,,,,,,,,,,,,,,,,,,,,,,,,,,,,,,,,,30749000000,32298000000,35954000000,41458000000,,,,,,,,,,,,,,,,,,,,,,
Georgia,GEO,Asia,"International tourism, expenditures (current US$)",ST.INT.XPND.CD,,,,,,,,,,,,,,,,,,,,,,,,,,,,,,,,,,,,,,171000000,239000000,135000000,129000000,136000000,189000000,170000000,196000000,237000000,257000000,277000000,337000000,311000000,329000000,384000000,471000000,537000000,563000000,609000000,706000000,853000000,960000000,1124000000,
Ghana,GHA,Africa,"International tourism, expenditures (current US$)",ST.INT.XPND.CD,,,,,,,,,,,,,,,,,,,,,,,,,,,,,,,,,,,,74000000,59000000,61000000,145000000,151000000,162000000,165000000,184000000,216000000,270000000,472000000,575000000,816000000,870000000,948000000,882000000,1026000000,976000000,982000000,947000000,1405000000,1571000000,1581000000,1329000000,1380000000,
Gibraltar,GIB,Europe,"International tourism, expenditures (current US$)",ST.INT.XPND.CD,,,,,,,,,,,,,,,,,,,,,,,,,,,,,,,,,,,,,,,,,,,,,,,,,,,,,,,,,,,,,
Guinea,GIN,Africa,"International tourism, expenditures (current US$)",ST.INT.XPND.CD,,,,,,,,,,,,,,,,,,,,,,,,,,,,,,,,,,,,29000000,37000000,39000000,34000000,29000000,13000000,26000000,38000000,36000000,29000000,38000000,41000000,96000000,30000000,28000000,16000000,49200000.76,41700000.76,60500000,28799999.24,38000000,16299999.24,102400001.5,411700012.2,419500000,
"Gambia, The",GMB,Africa,"International tourism, expenditures (current US$)",ST.INT.XPND.CD,,,,,,,,,,,,,,,,,,,,,,,,,,,,,,,,,,,,16000000,15500000,17000000,,,,,,8000000,6000000,7000000,8000000,,,,,,,10399999.62,55400001.53,57400001.53,76199996.95,45500000,10399999.62,,
Guinea-Bissau,GNB,Africa,"International tourism, expenditures (current US$)",ST.INT.XPND.CD,,,,,,,,,,,,,,,,,,,,,,,,,,,,,,,,,,,,5800000.191,4699999.809,3500000,,,,5500000,10199999.81,21299999.24,22299999.24,18899999.62,17799999.24,40700000.76,46099998.47,26000000,29500000,38599998.47,24500000,,,,,,74599998.47,,
Equatorial Guinea,GNQ,Africa,"International tourism, expenditures (current US$)",ST.INT.XPND.CD,,,,,,,,,,,,,,,,,,,,,,,,,,,,,,,,,,,,7000000,13000000,7000000,7000000,8000000,19000000,30000000,,,,,,,,,,,,,,,,,,,
Greece,GRC,Europe,"International tourism, expenditures (current US$)",ST.INT.XPND.CD,,,,,,,,,,,,,,,,,,,,,,,,,,,,,,,,,,,,1495000000,1396000000,1537000000,,4014000000,4564000000,4190000000,2456000000,2441000000,2882000000,3044000000,3005000000,3430000000,3946000000,4122000000,3400000000,3809000000,3005000000,3768000000,4003000000,3535000000,3412000000,3306000000,3910000000,4211000000,
Grenada,GRD,North America,"International tourism, expenditures (current US$)",ST.INT.XPND.CD,,,,,,,,,,,,,,,,,,,,,,,,,,,,,,,,,,,,,,,,,,,,,,,,,,,,,,,34000000,40000000,40000000,38000000,41000000,,
Greenland,GRL,North America,"International tourism, expenditures (current US$)",ST.INT.XPND.CD,,,,,,,,,,,,,,,,,,,,,,,,,,,,,,,,,,,,,,,,,,,,,,,,,,,,,,,,,,,,,
Guatemala,GTM,North America,"International tourism, expenditures (current US$)",ST.INT.XPND.CD,,,,,,,,,,,,,,,,,,,,,,,,,,,,,,,,,,,,167000000,163000000,146000000,190000000,216000000,216000000,266000000,329000000,373000000,488000000,532000000,655000000,737000000,821000000,751000000,843000000,883000000,926000000,995000000,1029000000,1020000000,1032000000,1066000000,1105000000,1128000000,
Guam,GUM,Oceania,"International tourism, expenditures (current US$)",ST.INT.XPND.CD,,,,,,,,,,,,,,,,,,,,,,,,,,,,,,,,,,,,,,,,,,,,,,,,,,,,,,,,,,,,,
Guyana,GUY,South America,"International tourism, expenditures (current US$)",ST.INT.XPND.CD,,,,,,,,,,,,,,,,,,,,,,,,,,,,,,,,,,,,,65000000,69000000,69000000,82000000,77000000,62000000,44000000,30000000,,,,,,,,,,,,,,,,,
"Hong Kong SAR, China",HKG,Asia,"International tourism, expenditures (current US$)",ST.INT.XPND.CD,,,,,,,,,,,,,,,,,,,,,,,,,,,,,,,,,,,,10497000000,11461000000,12678000000,13474000000,13134000000,12502000000,12317000000,12418000000,11447000000,13270000000,13305000000,14044000000,15042000000,16095000000,15547000000,17357000000,19022000000,20077000000,21215000000,22011000000,23059000000,24141000000,25388000000,26498000000,,
Honduras,HND,South America,"International tourism, expenditures (current US$)",ST.INT.XPND.CD,,,,,,,,,,,,,,,,,,,,,,,,,,,,,,,,,,,,99000000,110000000,115000000,142000000,166000000,198000000,205000000,221000000,274000000,300000000,321000000,425000000,309000000,385000000,361000000,406000000,446000000,549000000,506000000,437000000,454000000,482000000,517000000,558000000,655000000,
Croatia,HRV,Europe,"International tourism, expenditures (current US$)",ST.INT.XPND.CD,,,,,,,,,,,,,,,,,,,,,,,,,,,,,,,,,,,,,,,,806000000,634000000,677000000,852000000,709000000,881000000,786000000,770000000,1025000000,1167000000,1042000000,861000000,918000000,962000000,923000000,865000000,770000000,954000000,1399000000,1737000000,1809000000,
Haiti,HTI,North America,"International tourism, expenditures (current US$)",ST.INT.XPND.CD,,,,,,,,,,,,,,,,,,,,,,,,,,,,,,,,,,,,,,,,,173000000,168000000,172000000,202000000,206000000,174000000,239000000,331000000,383000000,427000000,431000000,458000000,473000000,418000000,475000000,503000000,503000000,485000000,599000000,554000000,
Hungary,HUN,Europe,"International tourism, expenditures (current US$)",ST.INT.XPND.CD,,,,,,,,,,,,,,,,,,,,,,,,,,,,,,,,,,,,1501000000,1491000000,1511000000,1496000000,1590000000,1722000000,1887000000,2211000000,2700000000,2482000000,2721000000,2319000000,3088000000,3857000000,3251000000,2897000000,3048000000,2457000000,2526000000,2712000000,2456000000,2738000000,3049000000,3239000000,3391000000,
Indonesia,IDN,Asia,"International tourism, expenditures (current US$)",ST.INT.XPND.CD,,,,,,,,,,,,,,,,,,,,,,,,,,,,,,,,,,,,,,,,,,,5042000000,4427000000,4569000000,4740000000,5458000000,6578000000,8801000000,6908000000,8432000000,8653000000,9055000000,10280000000,10263000000,9800000000,9932000000,10945000000,13171000000,14462000000,
Isle of Man,IMN,Europe,"International tourism, expenditures (current US$)",ST.INT.XPND.CD,,,,,,,,,,,,,,,,,,,,,,,,,,,,,,,,,,,,,,,,,,,,,,,,,,,,,,,,,,,,,
India,IND,Asia,"International tourism, expenditures (current US$)",ST.INT.XPND.CD,,,,,,,,,,,,,,,,,,,,,,,,,,,,,,,,,,,,,,,,,3686000000,4367000000,4350000000,4385000000,5783000000,8277000000,8738000000,10690000000,12083000000,,,,14107000000,13884000000,17492000000,17686000000,19184000000,21856000000,25790000000,28595000000,
Ireland,IRL,Europe,"International tourism, expenditures (current US$)",ST.INT.XPND.CD,,,,,,,,,,,,,,,,,,,,,,,,,,,,,,,,,,,,,,,,2712000000,2626000000,2956000000,3835000000,4832000000,5291000000,6185000000,6981000000,8784000000,10543000000,7940000000,7176000000,6842000000,5999000000,6308000000,6526000000,5799000000,6326000000,6616000000,7541000000,8156000000,
Iran,IRN,Asia,"International tourism, expenditures (current US$)",ST.INT.XPND.CD,,,,,,,,,,,,,,,,,,,,,,,,,,,,,,,,,,,,247000000,274000000,396000000,155000000,638000000,671000000,714000000,3990000000,4120000000,4402000000,4112000000,5066000000,7335000000,8270000000,8503000000,10570000000,10555000000,8435000000,9464000000,10130000000,9658000000,9893000000,11928000000,,,
Iraq,IRQ,Asia,"International tourism, expenditures (current US$)",ST.INT.XPND.CD,,,,,,,,,,,,,,,,,,,,,,,,,,,,,,,,,,,,,,,,,,,,,,627000000,526000000,705000000,813000000,1221000000,1675000000,1879000000,2363000000,4835000000,6115000000,7934000000,7647000000,8093000000,7855000000,10925000000,
Iceland,ISL,Europe,"International tourism, expenditures (current US$)",ST.INT.XPND.CD,,,,,,,,,,,,,,,,,,,,,,,,,,,,,,,,,,,,,312000000,327000000,399000000,440000000,,,373000000,524000000,699000000,991000000,1084000000,1336000000,,,,,,,,,,,,,
Israel,ISR,Asia,"International tourism, expenditures (current US$)",ST.INT.XPND.CD,,,,,,,,,,,,,,,,,,,,,,,,,,,,,,,,,,,,2626000000,2849000000,2952000000,3233000000,3411000000,3733000000,3887000000,3322000000,3341000000,3663000000,4146000000,4286000000,4921000000,4967000000,4500000000,4683000000,4874000000,5008000000,5757000000,6534000000,7506000000,8210000000,8985000000,9975000000,10389000000,
Italy,ITA,Europe,"International tourism, expenditures (current US$)",ST.INT.XPND.CD,,,,,,,,,,,,,,,,,,,,,,,,,,,,,,,,,,,,17201000000,18619000000,19676000000,20539000000,19587000000,18170000000,17002000000,19652000000,23748000000,24076000000,26764000000,27449000000,32748000000,,,,,,,,30312000000,30584000000,34819000000,37644000000,37908000000,
Jamaica,JAM,North America,"International tourism, expenditures (current US$)",ST.INT.XPND.CD,,,,,,,,,,,,,,,,,,,,,,,,,,,,,,,,,,,,173000000,181000000,205000000,223000000,256000000,238000000,227000000,274000000,269000000,318000000,290000000,315000000,340000000,312000000,259000000,235000000,213000000,418000000,392000000,457000000,413000000,413000000,455000000,503000000,,
Jordan,JOR,Asia,"International tourism, expenditures (current US$)",ST.INT.XPND.CD,,,,,,,,,,,,,,,,,,,,,,,,,,,,,,,,,,,,719000000,630000000,635000000,642000000,536000000,387000000,420000000,504000000,503000000,585000000,653000000,956000000,1024000000,1140000000,1202000000,1736000000,1280000000,1257000000,1206000000,1251000000,1267000000,1367000000,1496000000,1493000000,1569000000,
Japan,JPN,Asia,"International tourism, expenditures (current US$)",ST.INT.XPND.CD,,,,,,,,,,,,,,,,,,,,,,,,,,,,,,,,,,,,46966000000,46800000000,41381000000,35334000000,41213000000,42643000000,35526000000,34977000000,36505000000,48175000000,48096000000,37655000000,37258000000,38971000000,34787000000,39306000000,39760000000,40967000000,32244000000,28609000000,23252000000,25968000000,25774000000,28097000000,29145000000,
Kazakhstan,KAZ,Asia,"International tourism, expenditures (current US$)",ST.INT.XPND.CD,,,,,,,,,,,,,,,,,,,,,,,,,,,,,,,,,,,,296000000,364000000,494000000,549000000,455000000,483000000,761000000,863000000,783000000,997000000,940000000,1060000000,1396000000,1361000000,1319000000,1489000000,1831000000,3609000000,3772000000,3771000000,3046000000,2580000000,2695000000,2852000000,2955000000,
Kenya,KEN,Africa,"International tourism, expenditures (current US$)",ST.INT.XPND.CD,,,,,,,,,,,,,,,,,,,,,,,,,,,,,,,,,,,,230000000,205000000,152000000,,,156000000,183000000,,,,,,,,,,,,,,,,,,,
Kyrgyz Republic,KGZ,Asia,"International tourism, expenditures (current US$)",ST.INT.XPND.CD,,,,,,,,,,,,,,,,,,,,,,,,,,,,,,,,,,,,,7000000,11000000,25000000,27000000,28000000,21000000,27000000,35000000,73000000,94000000,142000000,215000000,450000000,273000000,275000000,392000000,529000000,505000000,568000000,535000000,582000000,422000000,451000000,519000000,
Cambodia,KHM,Africa,"International tourism, expenditures (current US$)",ST.INT.XPND.CD,,,,,,,,,,,,,,,,,,,,,,,,,,,,,,,,,,,,22000000,31000000,28000000,35000000,41000000,52000000,59000000,64000000,60000000,80000000,137000000,176000000,194000000,180000000,163000000,131000000,344000000,406000000,469000000,527000000,641000000,762000000,919000000,1079000000,1161000000,
Kiribati,KIR,Oceania,"International tourism, expenditures (current US$)",ST.INT.XPND.CD,,,,,,,,,,,,,,,,,,,,,,,,,,,,,,,,,,,,,,,,,,,,,,9300000.191,,,,,,,,,,,,24569999.69,,,
St. Kitts and Nevis,KNA,North America,"International tourism, expenditures (current US$)",ST.INT.XPND.CD,,,,,,,,,,,,,,,,,,,,,,,,,,,,,,,,,,,,,,,,,,,,,,,,,,,,,,,51000000,52000000,51000000,56000000,59000000,,
Korea,KOR,Asia,"International tourism, expenditures (current US$)",ST.INT.XPND.CD,,,,,,,,,,,,,,,,,,,,,,,,,,,,,,,,,,,,6947000000,8291000000,8039000000,4027000000,5555000000,7945000000,8349000000,11440000000,11063000000,13507000000,16924000000,20947000000,24431000000,21447000000,16355000000,20788000000,22195000000,22934000000,24459000000,26136000000,27957000000,29817000000,34453000000,38022000000,34844000000,
Kuwait,KWT,Asia,"International tourism, expenditures (current US$)",ST.INT.XPND.CD,,,,,,,,,,,,,,,,,,,,,,,,,,,,,,,,,,,,2514000000,2779000000,2684000000,2823000000,2574000000,2852000000,3207000000,3412000000,3750000000,4147000000,4997000000,6074000000,7267000000,8341000000,6799000000,7106000000,8879000000,10073000000,10567000000,12280000000,13148000000,13232000000,13722000000,14318000000,17131000000,
Lao PDR,LAO,Asia,"International tourism, expenditures (current US$)",ST.INT.XPND.CD,,,,,,,,,,,,,,,,,,,,,,,,,,,,,,,,,,,,34000000,28000000,27000000,29000000,17000000,,4099999.905,4300000.191,5000000,8000000,10000000,15000000,14000000,51000000,91000000,215000000,248000000,614000000,907000000,1054000000,1002000000,912099975.6,930000000,1005000000,1029000000,
Lebanon,LBN,Asia,"International tourism, expenditures (current US$)",ST.INT.XPND.CD,,,,,,,,,,,,,,,,,,,,,,,,,,,,,,,,,,,,,,,,,,,,3319000000,3719000000,3565000000,3783000000,3914000000,4297000000,4928000000,4868000000,4440000000,4511000000,4692000000,5198000000,5187000000,5252000000,5704000000,6395000000,6824000000,
Liberia,LBR,Africa,"International tourism, expenditures (current US$)",ST.INT.XPND.CD,,,,,,,,,,,,,,,,,,,,,,,,,,,,,,,,,,,,,,,,,,,,,29000000,33000000,41000000,48000000,58000000,51000000,,,,,,,,,,,
Libya,LBY,Africa,"International tourism, expenditures (current US$)",ST.INT.XPND.CD,,,,,,,,,,,,,,,,,,,,,,,,,,,,,,,,,,,,98000000,85000000,286000000,423000000,574000000,495000000,572000000,654000000,689000000,789000000,920000000,915000000,1010000000,1339000000,1683000000,2184000000,,2654000000,2598000000,1325000000,1066000000,813000000,2005000000,2042000000,,
St. Lucia,LCA,North America,"International tourism, expenditures (current US$)",ST.INT.XPND.CD,,,,,,,,,,,,,,,,,,,,,,,,,,,,,,,,,,,,,,,,,,,,,,,,,,,,,,,66000000,76000000,78000000,84000000,87000000,,
Liechtenstein,LIE,Europe,"International tourism, expenditures (current US$)",ST.INT.XPND.CD,,,,,,,,,,,,,,,,,,,,,,,,,,,,,,,,,,,,,,,,,,,,,,,,,,,,,,,,,,,,,
Sri Lanka,LKA,Asia,"International tourism, expenditures (current US$)",ST.INT.XPND.CD,,,,,,,,,,,,,,,,,,,,,,,,,,,,,,,,,,,,279000000,267000000,280000000,326000000,341000000,383000000,402000000,438000000,462000000,499000000,552000000,666000000,709000000,777000000,735000000,828000000,926000000,1219000000,1808000000,1922000000,2152000000,2295000000,2409000000,2487000000,2436000000,
Lesotho,LSO,Africa,"International tourism, expenditures (current US$)",ST.INT.XPND.CD,,,,,,,,,,,,,,,,,,,,,,,,,,,,,,,,,,,,17000000,16000000,17000000,16000000,17000000,195000000,166000000,164000000,242000000,278000000,271000000,263000000,276000000,248000000,247000000,278000000,300000000,252000000,212000000,177000000,180000000,262000000,307000000,310000000,289000000,
Lithuania,LTU,Europe,"International tourism, expenditures (current US$)",ST.INT.XPND.CD,,,,,,,,,,,,,,,,,,,,,,,,,,,,,,,,,,,,107000000,270000000,289000000,304000000,350000000,261000000,227000000,334000000,476000000,643000000,,,,,,,,,,,,,,,,
Luxembourg,LUX,Europe,"International tourism, expenditures (current US$)",ST.INT.XPND.CD,,,,,,,,,,,,,,,,,,,,,,,,,,,,,,,,,,,,,,,,,,,1936000000,2445000000,2920000000,3015000000,3058000000,3491000000,3839000000,3670000000,3626000000,3873000000,3094000000,3292000000,3359000000,2333000000,2265000000,2945000000,3392000000,3685000000,
Latvia,LVA,Europe,"International tourism, expenditures (current US$)",ST.INT.XPND.CD,,,,,,,,,,,,,,,,,,,,,,,,,,,,,,,,,,,,62000000,407000000,379000000,355000000,321000000,281000000,255000000,267000000,365000000,428000000,655000000,788000000,1021000000,,,,,,,,,,,,,
"Macao SAR, China",MAC,Asia,"International tourism, expenditures (current US$)",ST.INT.XPND.CD,,,,,,,,,,,,,,,,,,,,,,,,,,,,,,,,,,,,,,,,,,,512000000,471000000,529000000,475000000,506000000,608000000,695000000,714000000,883000000,1064000000,1155000000,1236000000,1344000000,1336000000,1319000000,1390000000,1492000000,1471000000,
St. Martin (French part),MAF,North America,"International tourism, expenditures (current US$)",ST.INT.XPND.CD,,,,,,,,,,,,,,,,,,,,,,,,,,,,,,,,,,,,,,,,,,,,,,,,,,,,,,,,,,,,,
Morocco,MAR,Africa,"International tourism, expenditures (current US$)",ST.INT.XPND.CD,,,,,,,,,,,,,,,,,,,,,,,,,,,,,,,,,,,,356000000,353000000,363000000,496000000,578000000,506000000,589000000,669000000,845000000,912000000,999000000,1113000000,1418000000,1910000000,1713000000,1879000000,2260000000,2095000000,2002000000,2273000000,2155000000,2312000000,2829000000,2987000000,3172000000,
Monaco,MCO,Europe,"International tourism, expenditures (current US$)",ST.INT.XPND.CD,,,,,,,,,,,,,,,,,,,,,,,,,,,,,,,,,,,,,,,,,,,,,,,,,,,,,,,,,,,,,
Moldova,MDA,Europe,"International tourism, expenditures (current US$)",ST.INT.XPND.CD,,,,,,,,,,,,,,,,,,,,,,,,,,,,,,,,,,,,73000000,77000000,75000000,73000000,69000000,86000000,90000000,109000000,118000000,135000000,170000000,224000000,290000000,359000000,307000000,298000000,349000000,396000000,428000000,442000000,370000000,334000000,380000000,438000000,480000000,
Madagascar,MDG,Africa,"International tourism, expenditures (current US$)",ST.INT.XPND.CD,,,,,,,,,,,,,,,,,,,,,,,,,,,,,,,,,,,,79000000,89000000,101000000,140000000,133000000,139000000,179000000,192000000,67000000,108000000,164000000,167000000,188000000,264000000,225000000,216000000,288000000,235000000,256000000,317000000,240000000,300000000,319000000,309000000,319000000,
Maldives,MDV,Asia,"International tourism, expenditures (current US$)",ST.INT.XPND.CD,,,,,,,,,,,,,,,,,,,,,,,,,,,,,,,,,,,,41000000,48000000,51000000,55000000,58000000,60000000,59000000,60000000,60000000,75000000,94000000,106000000,152000000,211000000,212000000,252000000,231000000,207000000,252000000,271000000,309000000,347000000,369000000,414000000,420000000,
Mexico,MEX,North America,"International tourism, expenditures (current US$)",ST.INT.XPND.CD,,,,,,,,,,,,,,,,,,,,,,,,,,,,,,,,,,,,3587000000,3963000000,4554000000,4834000000,5192000000,6365000000,6685000000,7087000000,7252000000,8034000000,8951000000,9387000000,9918000000,10246000000,8737000000,9001000000,9704000000,10735000000,11970000000,12556000000,12668000000,12823000000,13647000000,14074000000,12300000000,
Marshall Islands,MHL,Oceania,"International tourism, expenditures (current US$)",ST.INT.XPND.CD,,,,,,,,,,,,,,,,,,,,,,,,,,,,,,,,,,,,,,,,100000.0015,200000.003,300000.0119,300000.0119,300000.0119,400000.006,25500000,23100000.38,24299999.24,24500000,24549999.24,21989999.77,23799999.24,25500000,24700000.76,23799999.24,26200000.76,27000000,27600000.38,31399999.62,,
North Macedonia,MKD,Europe,"International tourism, expenditures (current US$)",ST.INT.XPND.CD,,,,,,,,,,,,,,,,,,,,,,,,,,,,,,,,,,,,,30000000,33000000,39000000,42000000,58000000,60000000,60000000,71000000,85000000,97000000,110000000,147000000,190000000,150000000,131000000,159000000,153000000,168000000,186000000,189000000,204000000,233000000,282000000,302000000,
Mali,MLI,Africa,"International tourism, expenditures (current US$)",ST.INT.XPND.CD,,,,,,,,,,,,,,,,,,,,,,,,,,,,,,,,,,,,74000000,69000000,65000000,67000000,65000000,66000000,65000000,62000000,94000000,125000000,133000000,196000000,201000000,228000000,191000000,167000000,171000000,164000000,189000000,231000000,207000000,213000000,220000000,255000000,,
Malta,MLT,Europe,"International tourism, expenditures (current US$)",ST.INT.XPND.CD,,,,,,,,,,,,,,,,,,,,,,,,,,,,,,,,,,,,237000000,244000000,216000000,221000000,231000000,224000000,204000000,180000000,238000000,291000000,311000000,362000000,284000000,,,,,,,,,,,,,
Myanmar,MMR,Asia,"International tourism, expenditures (current US$)",ST.INT.XPND.CD,,,,,,,,,,,,,,,,,,,,,,,,,,,,,,,,,,,,,,38000000,31000000,26000000,30000000,32000000,34000000,36000000,32000000,34000000,40000000,39000000,49700000.76,,,132000000,265000000,131000000,119000000,146000000,201000000,136000000,118000000,214000000,
Montenegro,MNE,Europe,"International tourism, expenditures (current US$)",ST.INT.XPND.CD,,,,,,,,,,,,,,,,,,,,,,,,,,,,,,,,,,,,,,,,,,,,,,,,58000000,80000000,76000000,72000000,70000000,67000000,81000000,79000000,69000000,91000000,91000000,73000000,72000000,
Mongolia,MNG,Asia,"International tourism, expenditures (current US$)",ST.INT.XPND.CD,,,,,,,,,,,,,,,,,,,,,,,,,,,,,,,,,,,,22000000,37000000,19000000,50000000,45000000,54000000,59000000,125000000,144000000,207000000,142000000,196000000,218000000,249000000,242000000,319000000,460000000,558000000,643000000,529000000,473000000,536000000,618000000,822000000,1036000000,
Northern Mariana Islands,MNP,Oceania,"International tourism, expenditures (current US$)",ST.INT.XPND.CD,,,,,,,,,,,,,,,,,,,,,,,,,,,,,,,,,,,,,,,,,,,,,,,,,,,,,,,,,,,,,
Mozambique,MOZ,Africa,"International tourism, expenditures (current US$)",ST.INT.XPND.CD,,,,,,,,,,,,,,,,,,,,,,,,,,,,,,,,,,,,,,,,140000000,122000000,132000000,115000000,141000000,140000000,187000000,196000000,209000000,241000000,247000000,247000000,264000000,247000000,313000000,331000000,322000000,290000000,237000000,135000000,99000000,
Mauritania,MRT,Africa,"International tourism, expenditures (current US$)",ST.INT.XPND.CD,,,,,,,,,,,,,,,,,,,,,,,,,,,,,,,,,,,,30000000,41000000,53000000,47000000,,,,,,,,,,,,,,101000000,105000000,112000000,73000000,74000000,61000000,38000000,56000000,
Mauritius,MUS,Africa,"International tourism, expenditures (current US$)",ST.INT.XPND.CD,,,,,,,,,,,,,,,,,,,,,,,,,,,,,,,,,,,,184000000,205000000,194000000,203000000,210000000,203000000,216000000,223000000,236000000,277000000,295000000,347000000,384000000,489000000,384000000,423000000,427000000,394000000,458000000,503000000,616000000,683000000,738000000,663000000,699000000,
Malawi,MWI,Africa,"International tourism, expenditures (current US$)",ST.INT.XPND.CD,,,,,,,,,,,,,,,,,,,,,,,,,,,,,,,,,,,,53000000,64000000,81000000,49000000,52000000,53000000,52000000,86000000,70000000,70000000,84000000,85000000,79000000,86000000,91000000,90000000,92000000,96000000,90000000,106000000,121000000,100000000,120000000,135000000,150000000,
Malaysia,MYS,Asia,"International tourism, expenditures (current US$)",ST.INT.XPND.CD,,,,,,,,,,,,,,,,,,,,,,,,,,,,,,,,,,,,2722000000,3032000000,3158000000,2160000000,2382000000,2543000000,3391000000,3330000000,3401000000,3822000000,4339000000,5085000000,6600000000,7724000000,7196000000,9258000000,11136000000,13165000000,13377000000,13893000000,11599000000,11339000000,12145000000,13207000000,13685000000,
Namibia,NAM,Africa,"International tourism, expenditures (current US$)",ST.INT.XPND.CD,,,,,,,,,,,,,,,,,,,,,,,,,,,,,,,,,,,,,,,,,,,,,,,,,,40000000,42000000,55000000,53000000,47000000,67000000,71000000,82000000,73000000,69000000,89000000,
New Caledonia,NCL,Oceania,"International tourism, expenditures (current US$)",ST.INT.XPND.CD,,,,,,,,,,,,,,,,,,,,,,,,,,,,,,,,,,,,,,,,,,,,,,,,,354000000,330000000,343000000,356000000,336000000,333000000,328000000,253000000,252000000,,,,
Niger,NER,Africa,"International tourism, expenditures (current US$)",ST.INT.XPND.CD,,,,,,,,,,,,,,,,,,,,,,,,,,,,,,,,,,,,26000000,59000000,50000000,39000000,35000000,32000000,33000000,29000000,39000000,42000000,42000000,42000000,48000000,98000000,84000000,95000000,57000000,132000000,81000000,129000000,140000000,110000000,120000000,141000000,,
Nigeria,NGA,Africa,"International tourism, expenditures (current US$)",ST.INT.XPND.CD,,,,,,,,,,,,,,,,,,,,,,,,,,,,,,,,,,,,938000000,1318000000,1840000000,1589000000,640000000,610000000,858000000,910000000,2076000000,,501000000,3536000000,6665000000,11007000000,6236000000,8348000000,9533000000,9240000000,9152000000,9204000000,9017000000,4524000000,8194000000,13218000000,16406000000,
Nicaragua,NIC,North America,"International tourism, expenditures (current US$)",ST.INT.XPND.CD,,,,,,,,,,,,,,,,,,,,,,,,,,,,,,,,,,,,56000000,79000000,86000000,94000000,114000000,126000000,128000000,125000000,139000000,154000000,162000000,224000000,238000000,265000000,256000000,225000000,240000000,241000000,277000000,286000000,273000000,310000000,365000000,349000000,312000000,
Netherlands,NLD,Europe,"International tourism, expenditures (current US$)",ST.INT.XPND.CD,,,,,,,,,,,,,,,,,,,,,,,,,,,,,,,,,,,,13151000000,13709000000,12555000000,13474000000,13468000000,13649000000,13061000000,14201000000,15887000000,16937000000,,,,,,,,20094000000,21009000000,23655000000,20234000000,22538000000,24720000000,25952000000,,
Norway,NOR,Europe,"International tourism, expenditures (current US$)",ST.INT.XPND.CD,,,,,,,,,,,,,,,,,,,,,,,,,,,,,,,,,,,,4481000000,4759000000,4756000000,5069000000,5185000000,4893000000,4718000000,5610000000,7089000000,8894000000,10400000000,11273000000,13256000000,15118000000,13221000000,14658000000,16958000000,18131000000,20116000000,20166000000,16485000000,16384000000,17517000000,18592000000,17992000000,
Nepal,NPL,Asia,"International tourism, expenditures (current US$)",ST.INT.XPND.CD,,,,,,,,,,,,,,,,,,,,,,,,,,,,,,,,,,,,167000000,155000000,141000000,107000000,116000000,109000000,128000000,108000000,119000000,205000000,221000000,261000000,402000000,545000000,572000000,528000000,420000000,562000000,598000000,680000000,669000000,634000000,886000000,918000000,714000000,
Nauru,NRU,Oceania,"International tourism, expenditures (current US$)",ST.INT.XPND.CD,,,,,,,,,,,,,,,,,,,,,,,,,,,,,,,,,,,,,,,,,,,,,,,,,1500000,2500000,2900000,2900000,1900000,4300000,10700000,6400000,10000000,9000000,7100000,,
New Zealand,NZL,Oceania,"International tourism, expenditures (current US$)",ST.INT.XPND.CD,,,,,,,,,,,,,,,,,,,,,,,,,,,,,,,,,,,,1259000000,1466000000,1461000000,1383000000,1430000000,1235000000,1255000000,1386000000,1649000000,2229000000,2671000000,2535000000,3077000000,3006000000,2580000000,3039000000,3461000000,3715000000,3861000000,4108000000,3721000000,4010000000,4463000000,4603000000,,
Oman,OMN,Asia,"International tourism, expenditures (current US$)",ST.INT.XPND.CD,,,,,,,,,,,,,,,,,,,,,,,,,,,,,,,,,,,,,,,542000000,583000000,629000000,703000000,702000000,804000000,823000000,863000000,894000000,952000000,1197000000,1295000000,1243000000,1493000000,1644000000,1824000000,2081000000,2208000000,2643000000,2915000000,3210000000,3387000000,
Pakistan,PAK,Asia,"International tourism, expenditures (current US$)",ST.INT.XPND.CD,,,,,,,,,,,,,,,,,,,,,,,,,,,,,,,,,,,,654000000,1018000000,591000000,565000000,447000000,574000000,555000000,491000000,1163000000,1612000000,1753000000,2029000000,2075000000,2163000000,1098000000,1370000000,1857000000,1851000000,1638000000,2209000000,2642000000,2931000000,3316000000,2959000000,3000000000,
Panama,PAN,North America,"International tourism, expenditures (current US$)",ST.INT.XPND.CD,,,,,,,,,,,,,,,,,,,,,,,,,,,,,,,,,,,,181000000,210000000,243000000,245000000,259000000,241000000,227000000,252000000,267000000,294000000,388000000,403000000,457000000,560000000,503000000,575000000,679000000,591000000,1078000000,1147000000,1272000000,1351000000,1132000000,1393000000,1623000000,
Peru,PER,South America,"International tourism, expenditures (current US$)",ST.INT.XPND.CD,,,,,,,,,,,,,,,,,,,,,,,,,,,,,,,,,,,,428000000,492000000,608000000,642000000,652000000,641000000,773000000,806000000,847000000,852000000,970000000,1047000000,1243000000,1432000000,1404000000,1648000000,1768000000,1900000000,2105000000,2118000000,2539000000,2700000000,2916000000,3353000000,3671000000,
Philippines,PHL,Asia,"International tourism, expenditures (current US$)",ST.INT.XPND.CD,,,,,,,,,,,,,,,,,,,,,,,,,,,,,,,,,,,,551000000,1287000000,1969000000,2022000000,1737000000,1841000000,1918000000,1874000000,1649000000,1526000000,3286000000,3075000000,3351000000,4285000000,4056000000,5964000000,6055000000,7140000000,8400000000,11130000000,11868000000,11681000000,12442000000,12474000000,12852000000,
Palau,PLW,Oceania,"International tourism, expenditures (current US$)",ST.INT.XPND.CD,,,,,,,,,,,,,,,,,,,,,,,,,,,,,,,,,,,,,,,,,11500000,14100000.38,18200000.76,16399999.62,18200000.76,18000000,17399999.62,17100000.38,19100000.38,16100000.38,15199999.81,17000000,19399999.62,18500000,17200000.76,21899999.62,23799999.24,23299999.24,,,
Papua New Guinea,PNG,Oceania,"International tourism, expenditures (current US$)",ST.INT.XPND.CD,,,,,,,,,,,,,,,,,,,,,,,,,,,,,,,,,,,,,,,,,,,,52000000,71900001.53,56200000.76,43000000,81000000,75000000,132000000,138000000,186000000,203000000,214000000,168000000,135000000,126599998.5,168600006.1,134000000,,
Poland,POL,Europe,"International tourism, expenditures (current US$)",ST.INT.XPND.CD,,,,,,,,,,,,,,,,,,,,,,,,,,,,,,,,,,,,5865000000,6357000000,5855000000,4524000000,3810000000,3417000000,3595000000,3440000000,3286000000,5086000000,5887000000,7645000000,8339000000,10683000000,7883000000,8888000000,8672000000,8911000000,8916000000,9177000000,8285000000,8509000000,9420000000,10367000000,10161000000,
Puerto Rico,PRI,North America,"International tourism, expenditures (current US$)",ST.INT.XPND.CD,,,,,,,,,,,,,,,,,,,,,,,,,,,,,,,,,,,,1155000000,1137000000,1235000000,1242000000,1172000000,1333000000,1456000000,1319000000,1420000000,1584000000,1663000000,1752000000,1743000000,1761000000,1388000000,1182000000,1202000000,1162000000,1142000000,1094000000,983000000,1059000000,1072000000,893000000,,
Korea,PRK,Asia,"International tourism, expenditures (current US$)",ST.INT.XPND.CD,,,,,,,,,,,,,,,,,,,,,,,,,,,,,,,,,,,,,,,,,,,,,,,,,,,,,,,,,,,,,
Portugal,PRT,Europe,"International tourism, expenditures (current US$)",ST.INT.XPND.CD,,,,,,,,,,,,,,,,,,,,,,,,,,,,,,,,,,,,2539000000,2701000000,2491000000,2776000000,2758000000,2754000000,2606000000,2635000000,2983000000,3370000000,3742000000,4144000000,4867000000,5284000000,4609000000,4692000000,4951000000,4482000000,4882000000,5213000000,4576000000,4707000000,5509000000,6427000000,6997000000,
Paraguay,PRY,South America,"International tourism, expenditures (current US$)",ST.INT.XPND.CD,,,,,,,,,,,,,,,,,,,,,,,,,,,,,,,,,,,,173000000,185000000,211000000,223000000,181000000,154000000,130000000,117000000,115000000,121000000,130000000,144000000,184000000,214000000,231000000,261000000,308000000,363000000,425000000,448000000,494000000,512000000,545000000,549000000,552000000,
West Bank and Gaza,PSE,Asia,"International tourism, expenditures (current US$)",ST.INT.XPND.CD,,,,,,,,,,,,,,,,,,,,,,,,,,,,,,,,,,,,,,,295000000,301000000,290000000,361000000,373000000,312000000,336000000,223000000,211000000,395000000,477000000,479000000,521000000,603000000,647000000,630000000,514000000,606000000,620000000,813000000,826000000,869000000,
French Polynesia,PYF,Oceania,"International tourism, expenditures (current US$)",ST.INT.XPND.CD,,,,,,,,,,,,,,,,,,,,,,,,,,,,,,,,,,,,,,,,,,,264000000,335000000,425000000,430000000,,,388000000,339000000,335000000,327000000,300000000,293000000,312000000,277000000,226000000,,,,
Qatar,QAT,Asia,"International tourism, expenditures (current US$)",ST.INT.XPND.CD,,,,,,,,,,,,,,,,,,,,,,,,,,,,,,,,,,,,,,,,,,,,,,,,,,,,7813000000,10702000000,11729000000,12871000000,11641000000,13152000000,12284000000,11754000000,12528000000,
Romania,ROU,Europe,"International tourism, expenditures (current US$)",ST.INT.XPND.CD,,,,,,,,,,,,,,,,,,,,,,,,,,,,,,,,,,,,749000000,716000000,699000000,504000000,428000000,447000000,475000000,448000000,572000000,672000000,1071000000,1457000000,1723000000,2407000000,1766000000,1897000000,2294000000,2108000000,2125000000,2741000000,2526000000,2910000000,4955000000,6109000000,7172000000,
Russian Federation,RUS,Asia,"International tourism, expenditures (current US$)",ST.INT.XPND.CD,,,,,,,,,,,,,,,,,,,,,,,,,,,,,,,,,,,,,,,,,,9760000000,11362000000,13427000000,16082000000,17963000000,18850000000,22456000000,26401000000,23785000000,30169000000,37343000000,48096000000,59504000000,55383000000,38432000000,27654000000,35584000000,38791000000,40611000000,
Rwanda,RWA,Africa,"International tourism, expenditures (current US$)",ST.INT.XPND.CD,,,,,,,,,,,,,,,,,,,,,,,,,,,,,,,,,,,,13000000,19000000,22000000,25000000,28000000,35000000,33000000,,,,75000000,84000000,98000000,146000000,148000000,120000000,142000000,133000000,126000000,133000000,350000000,364000000,419000000,390000000,382799987.8,
Saudi Arabia,SAU,Asia,"International tourism, expenditures (current US$)",ST.INT.XPND.CD,,,,,,,,,,,,,,,,,,,,,,,,,,,,,,,,,,,,,,,,,,,7370000000,4165000000,,,,21031000000,16005000000,21312000000,22076000000,18202000000,17986000000,18648000000,25137000000,20366000000,17671000000,19065000000,17939000000,16415000000,
Sudan,SDN,Africa,"International tourism, expenditures (current US$)",ST.INT.XPND.CD,,,,,,,,,,,,,,,,,,,,,,,,,,,,,,,,,,,,43000000,28000000,33000000,29000000,35000000,55000000,74000000,91000000,119000000,176000000,667000000,1414000000,1477000000,1268000000,868000000,1127000000,937000000,699000000,460000000,439000000,195000000,203000000,29000000,13000000,,
Senegal,SEN,Africa,"International tourism, expenditures (current US$)",ST.INT.XPND.CD,,,,,,,,,,,,,,,,,,,,,,,,,,,,,,,,,,,,154000000,127000000,128000000,135000000,136000000,125000000,112000000,112000000,129000000,138000000,144000000,139000000,352000000,277000000,260000000,217000000,250000000,248000000,265000000,280000000,261000000,277000000,295000000,324000000,,
Singapore,SGP,Asia,"International tourism, expenditures (current US$)",ST.INT.XPND.CD,,,,,,,,,,,,,,,,,,,,,,,,,,,,,,,,,,,,4663000000,5015000000,4358000000,3222000000,4217000000,4535000000,6600000000,8212000000,8382000000,9291000000,10070000000,11268000000,13503000000,16340000000,15704000000,18700000000,21420000000,23139000000,24407000000,25547000000,23658000000,23957000000,24588000000,25346000000,,
Solomon Islands,SLB,Oceania,"International tourism, expenditures (current US$)",ST.INT.XPND.CD,,,,,,,,,,,,,,,,,,,,,,,,,,,,,,,,,,,,17399999.62,18500000,14800000.19,10199999.81,11399999.62,12199999.81,10500000,8500000,6400000.095,12300000.19,11199999.81,26500000,35599998.47,40500000,37799999.24,51200000.76,66000000,68099998.47,68300003.05,65599998.47,60700000.76,74900001.53,72699996.95,53000000,62500000,
Sierra Leone,SLE,Africa,"International tourism, expenditures (current US$)",ST.INT.XPND.CD,,,,,,,,,,,,,,,,,,,,,,,,,,,,,,,,,,,,50500000,36500000,18100000.38,13199999.81,44200000.76,34500000,42200000.76,39099998.47,37799999.24,30299999.24,33599998.47,15000000,17000000,24399999.62,26000000,22000000,26000000,32000000,71000000,45000000,34000000,36000000,56000000,61000000,,
El Salvador,SLV,North America,"International tourism, expenditures (current US$)",ST.INT.XPND.CD,,,,,,,,,,,,,,,,,,,,,,,,,,,,,,,,,,,,99000000,102000000,,,205000000,219000000,247000000,266000000,311000000,373000000,288000000,307000000,363000000,326000000,253000000,280000000,244000000,287000000,270000000,277000000,332000000,451000000,466000000,490000000,537000000,
San Marino,SMR,Europe,"International tourism, expenditures (current US$)",ST.INT.XPND.CD,,,,,,,,,,,,,,,,,,,,,,,,,,,,,,,,,,,,,,,,,,,,,,,,,,,,,,,,,,,,,
Somalia,SOM,Africa,"International tourism, expenditures (current US$)",ST.INT.XPND.CD,,,,,,,,,,,,,,,,,,,,,,,,,,,,,,,,,,,,,,,,,,,,,,,,,,,,,,,,,,,,,
Serbia,SRB,Europe,"International tourism, expenditures (current US$)",ST.INT.XPND.CD,,,,,,,,,,,,,,,,,,,,,,,,,,,,,,,,,,,,,,,,,,,105000000,144000000,208000000,260000000,322000000,1203000000,1448000000,1105000000,1103000000,1263000000,1188000000,1290000000,1360000000,1254000000,1351000000,1549000000,1837000000,2000000000,
South Sudan,SSD,Africa,"International tourism, expenditures (current US$)",ST.INT.XPND.CD,,,,,,,,,,,,,,,,,,,,,,,,,,,,,,,,,,,,,,,,,,,,,,,,,,,,,,,239000000,759000000,323000000,293000000,513000000,,
Sao Tome and Principe,STP,Africa,"International tourism, expenditures (current US$)",ST.INT.XPND.CD,,,,,,,,,,,,,,,,,,,,,,,,,,,,,,,,,,,,,,,1899999.976,2200000.048,2200000.048,2000000,1799999.952,1799999.952,2099999.905,500000,1100000.024,699999.9881,310000.0024,409999.9964,550000.0119,1350000.024,3200000.048,,,,,,,,
Suriname,SUR,South America,"International tourism, expenditures (current US$)",ST.INT.XPND.CD,,,,,,,,,,,,,,,,,,,,,,,,,,,,,,,,,,,,27000000,38000000,41000000,49000000,47000000,67000000,62000000,54000000,68000000,85000000,94000000,33000000,28000000,35000000,35000000,41000000,49000000,58000000,75000000,90000000,128000000,112000000,99000000,104000000,94000000,
Slovak Republic,SVK,Europe,"International tourism, expenditures (current US$)",ST.INT.XPND.CD,,,,,,,,,,,,,,,,,,,,,,,,,,,,,,,,,,,,338000000,517000000,484000000,527000000,387000000,341000000,340000000,506000000,662000000,900000000,1122000000,1230000000,1825000000,2671000000,2251000000,2146000000,2450000000,2309000000,2523000000,2582000000,2266000000,2420000000,2599000000,2823000000,2815000000,
Slovenia,SVN,Europe,"International tourism, expenditures (current US$)",ST.INT.XPND.CD,,,,,,,,,,,,,,,,,,,,,,,,,,,,,,,,,,,,606000000,638000000,554000000,601000000,579000000,544000000,560000000,647000000,805000000,937000000,1019000000,1059000000,1260000000,1611000000,1771000000,1642000000,1727000000,1508000000,1559000000,1646000000,1370000000,1484000000,1643000000,1865000000,1770500000,
Sweden,SWE,Europe,"International tourism, expenditures (current US$)",ST.INT.XPND.CD,,,,,,,,,,,,,,,,,,,,,,,,,,,,,,,,,,,,6816000000,7642000000,6850000000,8591000000,8927000000,8959000000,7916000000,8221000000,9375000000,11088000000,11088000000,11159000000,13646000000,14622000000,12075000000,13973000000,,,,,,,,,,
Eswatini,SWZ,Africa,"International tourism, expenditures (current US$)",ST.INT.XPND.CD,,,,,,,,,,,,,,,,,,,,,,,,,,,,,,,,,,,,45000000,44000000,40000000,60000000,35000000,32000000,31000000,,23000000,54000000,60000000,54000000,63000000,59000000,98000000,87000000,35000000,53000000,48000000,62000000,64000000,33000000,74000000,43000000,33000000,
Sint Maarten (Dutch part),SXM,North America,"International tourism, expenditures (current US$)",ST.INT.XPND.CD,,,,,,,,,,,,,,,,,,,,,,,,,,,,,,,,,,,,,,,,,,,,,,,,83400001.53,88099998.47,104000000,105000000,112000000,120000000,114000000,117000000,118000000,114000000,100000000,105000000,77000000,
Seychelles,SYC,Africa,"International tourism, expenditures (current US$)",ST.INT.XPND.CD,,,,,,,,,,,,,,,,,,,,,,,,,,,,,,,,,,,,34000000,31000000,31000000,29000000,28000000,44000000,41000000,53000000,54000000,53000000,59000000,56000000,73000000,64000000,56000000,63000000,65000000,58000000,62000000,65000000,54000000,92000000,104000000,101000000,109000000,
Syrian Arab Republic,SYR,Asia,"International tourism, expenditures (current US$)",ST.INT.XPND.CD,,,,,,,,,,,,,,,,,,,,,,,,,,,,,,,,,,,,,,,,,,,,734000000,688000000,584000000,585000000,710000000,911000000,980000000,1598000000,850000000,,,,,,,,,
Turks and Caicos Islands,TCA,North America,"International tourism, expenditures (current US$)",ST.INT.XPND.CD,,,,,,,,,,,,,,,,,,,,,,,,,,,,,,,,,,,,153000000,174000000,235000000,194000000,,,,,,,,,,,,,,,,,,,,,,
Chad,TCD,Africa,"International tourism, expenditures (current US$)",ST.INT.XPND.CD,,,,,,,,,,,,,,,,,,,,,,,,,,,,,,,,,,,,38000000,49000000,53000000,66000000,53000000,56000000,56000000,80000000,,,,,,,,,,,,,,,,,,
Togo,TGO,Africa,"International tourism, expenditures (current US$)",ST.INT.XPND.CD,,,,,,,,,,,,,,,,,,,,,,,,,,,,,,,,,,,,40000000,19000000,14000000,16000000,17000000,15000000,20000000,26000000,37000000,38000000,42000000,42000000,59000000,68000000,94000000,89000000,81000000,46000000,58000000,60000000,53000000,55000000,57000000,65000000,,
Thailand,THA,Asia,"International tourism, expenditures (current US$)",ST.INT.XPND.CD,,,,,,,,,,,,,,,,,,,,,,,,,,,,,,,,,,,,4791000000,4735000000,3752000000,2246000000,2870000000,3218000000,3334000000,3888000000,3538000000,5343000000,4920000000,6176000000,6889000000,6707000000,5744000000,7155000000,7534000000,8095000000,8238000000,8824000000,9539000000,11267000000,12676000000,14406000000,16852000000,
Tajikistan,TJK,Asia,"International tourism, expenditures (current US$)",ST.INT.XPND.CD,,,,,,,,,,,,,,,,,,,,,,,,,,,,,,,,,,,,,,,,,,,,,,,,,,,35400001.53,31399999.62,36500000,42500000,,,24600000.38,15100000.38,24200000.76,28399999.62,
Turkmenistan,TKM,Asia,"International tourism, expenditures (current US$)",ST.INT.XPND.CD,,,,,,,,,,,,,,,,,,,,,,,,,,,,,,,,,,,,,74000000,127000000,,,,,,,,,,,,,,,,,,,,,,,
Timor-Leste,TLS,Asia,"International tourism, expenditures (current US$)",ST.INT.XPND.CD,,,,,,,,,,,,,,,,,,,,,,,,,,,,,,,,,,,,,,,,,,,,,,,2000000,5000000,51000000,69000000,68000000,62000000,92000000,57000000,84000000,100000000,118000000,137000000,131000000,110000000,
Tonga,TON,Oceania,"International tourism, expenditures (current US$)",ST.INT.XPND.CD,,,,,,,,,,,,,,,,,,,,,,,,,,,,,,,,,,,,,,,,,,,,13199999.81,16200000.76,16000000,15000000,17299999.24,21299999.24,19799999.24,21600000.38,23399999.62,28500000,29100000.38,30100000.38,32400001.53,23799999.24,37700000.76,41200000.76,51000000,
Trinidad and Tobago,TTO,North America,"International tourism, expenditures (current US$)",ST.INT.XPND.CD,,,,,,,,,,,,,,,,,,,,,,,,,,,,,,,,,,,,91000000,98000000,97000000,92000000,106000000,190000000,172000000,208000000,143000000,141000000,234000000,146000000,155000000,102000000,136000000,97000000,188000000,223000000,116000000,168000000,253000000,230000000,147000000,149000000,133000000,
Tunisia,TUN,Africa,"International tourism, expenditures (current US$)",ST.INT.XPND.CD,,,,,,,,,,,,,,,,,,,,,,,,,,,,,,,,,,,,294000000,282000000,266000000,271000000,276000000,310000000,322000000,303000000,355000000,427000000,452000000,498000000,530000000,555000000,478000000,611000000,678000000,673000000,768000000,770000000,767000000,823000000,871000000,954000000,889000000,
Turkey,TUR,Asia,"International tourism, expenditures (current US$)",ST.INT.XPND.CD,,,,,,,,,,,,,,,,,,,,,,,,,,,,,,,,,,,,,,,,,,,,,,3563000000,3517000000,4254000000,4509000000,5061000000,5817000000,5372000000,4585000000,5017000000,5331000000,5635000000,5698000000,5865000000,6072000000,4900000000,
Tuvalu,TUV,Oceania,"International tourism, expenditures (current US$)",ST.INT.XPND.CD,,,,,,,,,,,,,,,,,,,,,,,,,,,,,,,,,,,,,,,,,,4199999.809,3900000.095,4300000.191,4599999.905,4599999.905,5429999.828,6889999.866,8399999.619,7500000,8699999.809,11449999.81,11500000,7550000.191,,,,,,,
Tanzania,TZA,Africa,"International tourism, expenditures (current US$)",ST.INT.XPND.CD,,,,,,,,,,,,,,,,,,,,,,,,,,,,,,,,,,,,,,424000000,521000000,403000000,369000000,363000000,361000000,375000000,470000000,577000000,571000000,616000000,746000000,806000000,861000000,928000000,1003000000,1101000000,1185000000,1288000000,992000000,873000000,818000000,738200012.2,
Uganda,UGA,Africa,"International tourism, expenditures (current US$)",ST.INT.XPND.CD,,,,,,,,,,,,,,,,,,,,,,,,,,,,,,,,,,,,,,,,,,,,,158000000,185000000,196000000,220000000,315000000,351000000,464000000,540000000,642000000,349000000,342000000,278000000,309000000,353000000,341000000,364000000,
Ukraine,UKR,Europe,"International tourism, expenditures (current US$)",ST.INT.XPND.CD,,,,,,,,,,,,,,,,,,,,,,,,,,,,,,,,,,,,,405000000,462000000,487000000,460000000,561000000,676000000,794000000,953000000,2660000000,3078000000,3202000000,4022000000,4585000000,3751000000,4134000000,4829000000,5536000000,6300000000,5470000000,5408000000,6306000000,7536000000,8287000000,8907000000,
Uruguay,URY,South America,"International tourism, expenditures (current US$)",ST.INT.XPND.CD,,,,,,,,,,,,,,,,,,,,,,,,,,,,,,,,,,,,332000000,339000000,391000000,,,381000000,338000000,243000000,236000000,267000000,331000000,305000000,354000000,466000000,442000000,549000000,797000000,1043000000,1504000000,1604000000,1388000000,1139000000,1234000000,1309000000,1480000000,
United States,USA,North America,"International tourism, expenditures (current US$)",ST.INT.XPND.CD,,,,,,,,,,,,,,,,,,,,,,,,,,,,,,,,,,,,61042000000,65477000000,71948000000,78423000000,77260000000,85490000000,82185000000,79362000000,81708000000,93343000000,98694000000,105403000000,112928000000,119135000000,115123000000,123831000000,130606000000,138167000000,132322000000,140228000000,144669000000,147640000000,158329000000,172549000000,182366000000,
Uzbekistan,UZB,Asia,"International tourism, expenditures (current US$)",ST.INT.XPND.CD,,,,,,,,,,,,,,,,,,,,,,,,,,,,,,,,,,,,,,,,,,,,,,,,,,,,,,,1509000000,1902000000,1832000000,2107000000,2722000000,2753000000,
St. Vincent and the Grenadines,VCT,North America,"International tourism, expenditures (current US$)",ST.INT.XPND.CD,,,,,,,,,,,,,,,,,,,,,,,,,,,,,,,,,,,,,,,,,,,,,,,,,,,,,,,34000000,40000000,41000000,46000000,48000000,,
Venezuela,VEN,South America,"International tourism, expenditures (current US$)",ST.INT.XPND.CD,,,,,,,,,,,,,,,,,,,,,,,,,,,,,,,,,,,,1852000000,2336000000,1168000000,1319000000,1483000000,1647000000,1718000000,1546000000,1311000000,1604000000,1843000000,1807000000,2292000000,2745000000,3019000000,2944000000,3994000000,4592000000,5417000000,4118000000,3249000000,2920000000,,,,
British Virgin Islands,VGB,North America,"International tourism, expenditures (current US$)",ST.INT.XPND.CD,,,,,,,,,,,,,,,,,,,,,,,,,,,,,,,,,,,,40000000,,,,,,,,,,,,,,,,,,,,,,,,,
Virgin Islands (U.S.),VIR,North America,"International tourism, expenditures (current US$)",ST.INT.XPND.CD,,,,,,,,,,,,,,,,,,,,,,,,,,,,,,,,,,,,,,,,,,,,,,,,,,,,,,,,,,,,,
Vietnam,VNM,Asia,"International tourism, expenditures (current US$)",ST.INT.XPND.CD,,,,,,,,,,,,,,,,,,,,,,,,,,,,,,,,,,,,,,,,,,,,,,900000000,1050000000,1220000000,1300000000,1100000000,1470000000,1710000000,1856000000,2050000000,2650000000,3595000000,4500000000,5040000000,5910000000,6150000000,
Vanuatu,VUT,Oceania,"International tourism, expenditures (current US$)",ST.INT.XPND.CD,,,,,,,,,,,,,,,,,,,,,,,,,,,,,,,,,,,,10000000,10000000,10000000,,,,,11000000,14000000,15000000,13000000,11000000,13000000,32000000,28000000,34000000,39000000,43000000,46000000,41000000,34000000,28000000,19000000,21000000,,
Samoa,WSM,Oceania,"International tourism, expenditures (current US$)",ST.INT.XPND.CD,,,,,,,,,,,,,,,,,,,,,,,,,,,,,,,,,,,,6800000.191,8899999.619,11699999.81,11300000.19,4300000.191,,,,,11899999.62,20299999.24,21200000.76,19799999.24,21600000.38,20000000,25200000.76,22200000.76,22299999.24,13899999.62,4099999.905,2900000.095,2099999.905,3900000.095,4199999.809,5199999.809,
Kosovo,XKX,Europe,"International tourism, expenditures (current US$)",ST.INT.XPND.CD,,,,,,,,,,,,,,,,,,,,,,,,,,,,,,,,,,,,,,,,,,,,,,,,,,,,,,,,,,,,,
Yemen,YEM,Asia,"International tourism, expenditures (current US$)",ST.INT.XPND.CD,,,,,,,,,,,,,,,,,,,,,,,,,,,,,,,,,,,,,,,160000000,164000000,127000000,136000000,135000000,134000000,183000000,224000000,225000000,247000000,246000000,277000000,252000000,258000000,148000000,161000000,158000000,79000000,56000000,,,,
South Africa,ZAF,Africa,"International tourism, expenditures (current US$)",ST.INT.XPND.CD,,,,,,,,,,,,,,,,,,,,,,,,,,,,,,,,,,,,2414000000,2322000000,2558000000,2500000000,2717000000,2684000000,2366000000,2251000000,3655000000,4237000000,4812000000,5230000000,6104000000,6905000000,6421000000,8139000000,8397000000,7145000000,6491000000,6314000000,5734000000,5354000000,6068000000,6348000000,5866000000,
Zambia,ZMB,Africa,"International tourism, expenditures (current US$)",ST.INT.XPND.CD,,,,,,,,,,,,,,,,,,,,,,,,,,,,,,,,,,,,,,83000000,81000000,100000000,102000000,102000000,109000000,115000000,86000000,87000000,92000000,120000000,164000000,143000000,167000000,223000000,303000000,357000000,378000000,400000000,423000000,410000000,478000000,511000000,
Zimbabwe,ZWE,Africa,"International tourism, expenditures (current US$)",ST.INT.XPND.CD,,,,,,,,,,,,,,,,,,,,,,,,,,,,,,,,,,,,106000000,118000000,120000000,131000000,,,,,,,,,,,167000000,203000000,317000000,387000000,441000000,451000000,557000000,406000000,338000000,,,